{
  "cv_scores": [
    0.5039365246500874,
    0.4816614320739294,
    0.47651164543372204,
    0.5006157018317262,
    0.47567991571266677
  ],
  "cv_mean_rmse": 0.48768104394042633,
  "cv_std_rmse": 0.012137250896567114,
  "test_rmse": 0.4834375277909509
}